{
    "u": {
        "mean": 0.21191783249378204,
        "std": 6.515537738800049,
        "min": -30.78557586669922,
        "max": 40.70701217651367
    },
    "v": {
        "mean": 0.34416693449020386,
        "std": 5.294043064117432,
        "min": -33.579959869384766,
        "max": 32.54892349243164
    },
    "w": {
        "mean": 8.225244982895674e-07,
        "std": 6.251675222301856e-05,
        "min": -0.0008085378794930875,
        "max": 0.000658102217130363
    },
    "prec": {
        "mean": 2.1786141395568848,
        "std": 7.301267623901367,
        "min": 0.0,
        "max": 475.8797607421875
    },
    "ss_src": {
        "mean": 18.24185562133789,
        "std": 48.0205078125,
        "min": 0.0,
        "max": 2924.923095703125
    },
    "c_src": {
        "mean": 27.4210262298584,
        "std": 1093.1732177734375,
        "min": 0.0,
        "max": 529028.125
    },
    "bc_src": {
        "mean": 0.19962824881076813,
        "std": 2.6003715991973877,
        "min": 0.0,
        "max": 321.9514465332031
    },
    "ss_conc": {
        "mean": 1.571555495262146,
        "std": 2.791754722595215,
        "min": 0.0,
        "max": 134.43466186523438
    },
    "c_conc": {
        "mean": 0.053363505750894547,
        "std": 0.33962109684944153,
        "min": 0.0,
        "max": 39.45267105102539
    },
    "bc_conc": {
        "mean": 4.951100826263428,
        "std": 57.252777099609375,
        "min": 0.0,
        "max": 9472.2021484375
    }
}