{
    "set1": {
        "u": {
            "mean": 0.21191783249378204,
            "std": 6.515537738800049,
            "min": -30.78557586669922,
            "max": 40.70701217651367
        },
        "v": {
            "mean": 0.34416693449020386,
            "std": 5.294043064117432,
            "min": -33.579959869384766,
            "max": 32.54892349243164
        },
        "w": {
            "mean": 8.225244982895674e-07,
            "std": 6.251675222301856e-05,
            "min": -0.0008085378794930875,
            "max": 0.000658102217130363
        },
        "prec": {
            "mean": 2.1786141395568848,
            "std": 7.301267623901367,
            "min": 0.0,
            "max": 475.8797607421875
        },
        "ss_src": {
            "mean": 18.24185562133789,
            "std": 48.0205078125,
            "min": 0.0,
            "max": 2924.923095703125
        },
        "c_src": {
            "mean": 27.4210262298584,
            "std": 1093.1732177734375,
            "min": 0.0,
            "max": 529028.125
        },
        "bc_src": {
            "mean": 0.19962824881076813,
            "std": 2.6003715991973877,
            "min": 0.0,
            "max": 321.9514465332031
        },
        "ss_conc": {
            "mean": 1.571555495262146,
            "std": 2.791754722595215,
            "min": 0.0,
            "max": 134.43466186523438
        },
        "c_conc": {
            "mean": 0.053363505750894547,
            "std": 0.33962109684944153,
            "min": 0.0,
            "max": 39.45267105102539
        },
        "bc_conc": {
            "mean": 4.951100826263428,
            "std": 57.252777099609375,
            "min": 0.0,
            "max": 9472.2021484375
        }
    },
    "set2": {
        "u": {
            "mean": -2.2672441005706787,
            "std": 3.604060649871826,
            "min": -30.78557586669922,
            "max": 1.6096693277359009
        },
        "v": {
            "mean": -1.670538067817688,
            "std": 3.259230136871338,
            "min": -33.579959869384766,
            "max": 1.5125367641448975
        },
        "w": {
            "mean": -2.6776010990142822,
            "std": 2.315704107284546,
            "min": -13.489500045776367,
            "max": -8.826446518117592e-13
        },
        "prec": {
            "mean": -1.238459587097168,
            "std": 2.7957770824432373,
            "min": -36.248416900634766,
            "max": 2.677497386932373
        },
        "ss_src": {
            "mean": 0.43497544527053833,
            "std": 0.9691622853279114,
            "min": -13.565709114074707,
            "max": 3.4661145210266113
        },
        "c_src": {
            "mean": -0.15664871037006378,
            "std": 1.6639432907104492,
            "min": -28.185041427612305,
            "max": 5.7234787940979
        },
        "bc_src": {
            "mean": -0.540015697479248,
            "std": 1.573015809059143,
            "min": -29.184873580932617,
            "max": 2.5077905654907227
        },
        "ss_conc": {
            "mean": -0.40549007058143616,
            "std": 0.8939980268478394,
            "min": -28.049089431762695,
            "max": 2.128511428833008
        },
        "c_conc": {
            "mean": -3.0297677516937256,
            "std": 1.1956926584243774,
            "min": -29.900846481323242,
            "max": 1.596076488494873
        },
        "bc_conc": {
            "mean": -0.9222941398620605,
            "std": 1.1227400302886963,
            "min": -25.170745849609375,
            "max": 3.9764511585235596
        }
    }
}